<?xml version="1.0" encoding="UTF-8"?>
<project-private xmlns="http://www.netbeans.org/ns/project-private/1">
    <editor-bookmarks xmlns="http://www.netbeans.org/ns/editor-bookmarks/2" lastBookmarkId="0"/>
    <open-files xmlns="http://www.netbeans.org/ns/projectui-open-files/2">
        <group>
            <file>file:/A:/SEM%203-1/G%20E%20Governance/EAGRICAA/src/mani/Agriculturaloff_login.java</file>
            <file>file:/A:/SEM%203-1/G%20E%20Governance/EAGRICAA/src/mani/Farmer_login.java</file>
        </group>
    </open-files>
</project-private>
